{"cameraMode":{"drawMode":0,"name":"Shaded","section":"Shading Mode"},"sceneLighting":false,"audioPlay":false,"sceneViewState":{"showFog":true,"showMaterialUpdate":false,"showSkybox":false,"showFlares":true,"showImageEffects":true,"showParticleSystems":true},"in2DMode":false,"pivot":{"x":1.945626974105835,"y":-0.7697426080703735,"z":67.93915557861328},"rotation":{"x":0.14652621746063233,"y":0.48838961124420168,"z":-0.08358427882194519,"w":0.8561677932739258},"size":2.8227033615112306,"orthographic":false}