{"cameraMode":{"drawMode":0,"name":"Shaded","section":"Shading Mode"},"sceneLighting":true,"audioPlay":false,"sceneViewState":{"showFog":true,"showMaterialUpdate":false,"showSkybox":true,"showFlares":true,"showImageEffects":true,"showParticleSystems":true},"in2DMode":false,"pivot":{"x":767.6840209960938,"y":266.4164733886719,"z":12.9219970703125},"rotation":{"x":-0.02483760565519333,"y":0.9735798239707947,"z":-0.18622972071170808,"w":-0.12985917925834657},"size":143.8947296142578,"orthographic":false}